"","Species","Sepal.Length_mean","Sepal.Width_mean","Petal.Length_mean","Petal.Width_mean","Sepal.Length_sd","Sepal.Width_sd","Petal.Length_sd","Petal.Width_sd"
"1","setosa",5.006,3.428,1.462,0.246,0.352489687213451,0.379064369096289,0.173663996480184,0.105385589380046
"2","versicolor",5.936,2.77,4.26,1.326,0.516171147063863,0.313798323378412,0.469910977239958,0.197752680004544
"3","virginica",6.588,2.974,5.552,2.026,0.635879593274432,0.322496638172637,0.551894695663984,0.274650055636667
